entry_id,team_id,recommendation_id,verification_id,points,kgco2e_saved,reason,awarded_at
d8248b75,eu-backend,4a611e5f,b3b8cf3b,3,0.032506,Verified savings: 32.5 gCO₂e (confirmed),2026-04-09 22:20:47.274882
37605c85,devops,52faf500,9f939b9b,29,0.299306,Verified savings: 299.3 gCO₂e (confirmed),2026-04-09 22:20:47.274919
b95f44aa,mobile,5a9a84fa,8da9c9c1,3,0.031557,Verified savings: 31.6 gCO₂e (confirmed),2026-04-09 22:20:47.274937
34ad4eff,frontend,863c84ea,02ec6e97,2,0.023192,Verified savings: 23.2 gCO₂e (confirmed),2026-04-09 22:20:47.274949
f2a4c7b4,eu-backend,f618fb0d,1a8e8ce1,4,0.042733,Verified savings: 42.7 gCO₂e (confirmed),2026-04-09 22:20:47.274961
b61254fc,backend-api,34075165,b207d683,1,0.015858,Verified savings: 15.9 gCO₂e (confirmed),2026-04-09 22:20:47.274975
9d0e2a90,eu-backend,bed2323a,ff42cbd5,7,0.075492,Verified savings: 75.5 gCO₂e (confirmed),2026-04-09 22:20:47.274986
90b60cec,mobile,233aefc2,77aa5a7b,1,0.012546,Verified savings: 12.5 gCO₂e (confirmed),2026-04-09 22:20:47.274997
f14f4064,platform,3f0eec9f,b5bca155,2,0.029966,Verified savings: 30.0 gCO₂e (confirmed),2026-04-09 22:20:47.275007
9f78f2cb,backend-api,0399f331,923ef868,2,0.022662,Verified savings: 22.7 gCO₂e (confirmed),2026-04-09 22:20:47.275016
b7995905,frontend,69e618ab,10a168e7,1,0.013514,Verified savings: 13.5 gCO₂e (confirmed),2026-04-09 22:20:47.275031
d2653574,eu-backend,a8e87c0e,160039b7,1,0.0179,Verified savings: 17.9 gCO₂e (confirmed),2026-04-09 22:20:47.275041
501ecb87,platform,5f66fe44,a8e65119,5,0.055616,Verified savings: 55.6 gCO₂e (confirmed),2026-04-09 22:20:47.275052
fb744d41,platform,4dccd5ad,31ac8716,1,0.014203,Verified savings: 14.2 gCO₂e (confirmed),2026-04-09 22:20:47.275061
8b965985,mobile,b103a07a,7546474d,1,0.01667,Verified savings: 16.7 gCO₂e (confirmed),2026-04-09 22:20:47.275070
d379b106,mobile,111925cc,5c6bc9a1,2,0.023071,Verified savings: 23.1 gCO₂e (confirmed),2026-04-09 22:20:47.275079
5b967954,mobile,564b7f25,2ce3423d,1,0.014268,Verified savings: 14.3 gCO₂e (confirmed),2026-04-09 22:20:47.275087
32b845c8,backend-api,e18c4ab8,e9cdc7ee,2,0.022248,Verified savings: 22.2 gCO₂e (confirmed),2026-04-09 22:20:47.275096
df2fb682,frontend,32e710f2,00531763,3,0.036412,Verified savings: 36.4 gCO₂e (confirmed),2026-04-09 22:20:47.275105
cf0f6560,platform,6f20a8ae,ab76d784,1,0.010872,Verified savings: 10.9 gCO₂e (confirmed),2026-04-09 22:20:47.275114
78381cad,backend-api,32875a20,8400bea7,3,0.039302,Verified savings: 39.3 gCO₂e (confirmed),2026-04-09 22:20:47.275124
bfcf81ee,eu-backend,3d65b804,9d25fc73,1,0.014753,Verified savings: 14.8 gCO₂e (confirmed),2026-04-09 22:20:47.275134
5535e67e,frontend,85ff8ee4,197e6daf,4,0.047569,Verified savings: 47.6 gCO₂e (confirmed),2026-04-09 22:20:47.275142
313b6c71,eu-frontend,42b58899,41f16e1c,1,0.014784,Verified savings: 14.8 gCO₂e (confirmed),2026-04-09 22:20:47.275151
14cf8e8c,backend-api,8e9fddd8,95309227,1,0.012559,Verified savings: 12.6 gCO₂e (confirmed),2026-04-09 22:20:47.275161
772f6a08,devops,f4c16fc3,3979615b,2,0.022425,Verified savings: 22.4 gCO₂e (confirmed),2026-04-09 22:20:47.275169
e4c5e99e,eu-backend,bad56596,a353691d,5,0.052676,Verified savings: 52.7 gCO₂e (confirmed),2026-04-09 22:20:47.275179
f20eae06,platform,43a654c0,fc00c35e,1,0.011246,Verified savings: 11.2 gCO₂e (confirmed),2026-04-09 22:20:47.275188
6dfecbd0,eu-backend,c21201de,31039120,1,0.018416,Verified savings: 18.4 gCO₂e (confirmed),2026-04-09 22:20:47.275199
acdc452c,platform,f6e4968e,12b89a06,1,0.017854,Verified savings: 17.9 gCO₂e (confirmed),2026-04-09 22:20:47.275210
52ab43d5,frontend,0b68aacb,4d2c6655,1,0.012332,Verified savings: 12.3 gCO₂e (confirmed),2026-04-09 22:20:47.275219
a29ae9e3,frontend,379d1504,a6e0c533,1,0.015923,Verified savings: 15.9 gCO₂e (confirmed),2026-04-09 22:20:47.275227
a1591443,eu-backend,30bb4663,3fe296ed,1,0.016302,Verified savings: 16.3 gCO₂e (confirmed),2026-04-09 22:20:47.275235
8d01b0c8,backend-api,01e03d77,02c93286,1,0.010774,Verified savings: 10.8 gCO₂e (confirmed),2026-04-09 22:20:47.275244
d614e807,eu-frontend,cb0a0384,dc77d4e9,1,0.013006,Verified savings: 13.0 gCO₂e (confirmed),2026-04-09 22:20:47.275311
83df4f6c,eu-backend,33bc7cb9,85e45bc0,2,0.025234,Verified savings: 25.2 gCO₂e (confirmed),2026-04-09 22:20:47.275321
67a333d9,eu-frontend,acd80fb0,3da5a5f7,6,0.066108,Verified savings: 66.1 gCO₂e (confirmed),2026-04-09 22:20:47.275330
1a92ae9d,backend-api,5b384619,784d87d3,110,1.100585,Verified savings: 1100.6 gCO₂e (confirmed),2026-04-09 22:20:47.275339
d5937f66,eu-backend,4e76e963,8bb14560,15,0.156815,Verified savings: 156.8 gCO₂e (confirmed),2026-04-09 22:20:47.275348
20352c21,eu-frontend,7500a1de,138f02be,1,0.013606,Verified savings: 13.6 gCO₂e (confirmed),2026-04-09 22:20:47.275357
fd889a3c,frontend,7b9404da,ff2e888c,2,0.028414,Verified savings: 28.4 gCO₂e (confirmed),2026-04-09 22:20:47.275368
eec660bc,eu-backend,4e1784b2,56b6f6cd,1,0.015695,Verified savings: 15.7 gCO₂e (confirmed),2026-04-09 22:20:47.275379
bbf13276,platform,c0b3985b,b403e079,1,0.013693,Verified savings: 13.7 gCO₂e (confirmed),2026-04-09 22:20:47.275388
d306697e,frontend,b6adacb9,083b8858,2,0.024415,Verified savings: 24.4 gCO₂e (confirmed),2026-04-09 22:20:47.275399
d458fd8c,eu-backend,a65c3ba7,b5920c29,1,0.010131,Verified savings: 10.1 gCO₂e (confirmed),2026-04-09 22:20:47.275408
684618b6,eu-backend,ef840c97,5f4efba0,2,0.026561,Verified savings: 26.6 gCO₂e (confirmed),2026-04-09 22:20:47.275421
62981a9c,eu-frontend,89040821,f3247569,1,0.010832,Verified savings: 10.8 gCO₂e (confirmed),2026-04-09 22:20:47.275429
f311bd29,eu-backend,5ff42420,64b7ca53,1,0.010627,Verified savings: 10.6 gCO₂e (confirmed),2026-04-09 22:20:47.275445
2d046617,eu-frontend,76979712,941417cd,1,0.01132,Verified savings: 11.3 gCO₂e (confirmed),2026-04-09 22:20:47.275454
e005d922,eu-frontend,b2415a50,97d0b236,2,0.022049,Verified savings: 22.0 gCO₂e (confirmed),2026-04-09 22:20:47.275553
d67e0348,eu-backend,af9df83e,9f4aa372,1,0.015905,Verified savings: 15.9 gCO₂e (confirmed),2026-04-09 22:20:47.275567
a337e7ce,eu-backend,72701677,ad97d7a8,131,1.311963,Verified savings: 1312.0 gCO₂e (confirmed),2026-04-09 22:20:47.275578
34a6ce95,mobile,a4a4cbbb,cded043d,94,0.941116,Verified savings: 941.1 gCO₂e (confirmed),2026-04-09 22:20:47.275587
4a14c53f,eu-backend,d67ef19d,a0081f71,1,0.011653,Verified savings: 11.7 gCO₂e (confirmed),2026-04-09 22:20:47.275597
108db181,mobile,c36bcd9f,9da14460,3,0.034583,Verified savings: 34.6 gCO₂e (confirmed),2026-04-09 22:20:47.275607
c8361c84,frontend,1836f36f,f542ae56,1,0.019768,Verified savings: 19.8 gCO₂e (confirmed),2026-04-09 22:20:47.275617
e750348b,backend-api,cfebe85c,68928b8c,1,0.010013,Verified savings: 10.0 gCO₂e (confirmed),2026-04-09 22:20:47.275626
4e2dbd0d,eu-frontend,2f0ad17e,76039e09,2,0.020908,Verified savings: 20.9 gCO₂e (confirmed),2026-04-09 22:20:47.275640
8dacda57,platform,589b2b45,afe73db1,1,0.012287,Verified savings: 12.3 gCO₂e (confirmed),2026-04-09 22:20:47.275651
65371ddd,eu-backend,6cd1818c,3b77d3ba,1,0.014543,Verified savings: 14.5 gCO₂e (confirmed),2026-04-09 22:20:47.275661
63da030d,eu-backend,4e19b4a2,fc07ed12,1,0.015649,Verified savings: 15.6 gCO₂e (confirmed),2026-04-09 22:20:47.275670
2fc53ed8,frontend,1003ba6c,e9a10aa0,1,0.012728,Verified savings: 12.7 gCO₂e (confirmed),2026-04-09 22:20:47.275679
923aebb8,platform,5cf94ff6,5d128dd9,6,0.062268,Verified savings: 62.3 gCO₂e (confirmed),2026-04-09 22:20:47.275692
3e7f9e41,platform,2f1d3554,6d707803,2,0.025723,Verified savings: 25.7 gCO₂e (confirmed),2026-04-09 22:20:47.275702
28bb5603,backend-api,76dd8c88,d59a0d48,2,0.024451,Verified savings: 24.5 gCO₂e (confirmed),2026-04-09 22:20:47.275711
48ac0654,eu-backend,7a85a84b,130c7234,1,0.011453,Verified savings: 11.5 gCO₂e (confirmed),2026-04-09 22:20:47.275721
5470321b,eu-frontend,6c1c6160,d3e39625,6,0.062157,Verified savings: 62.2 gCO₂e (confirmed),2026-04-09 22:20:47.275730
230f16cb,devops,d5ffa7dc,c5aa3e27,1,0.012814,Verified savings: 12.8 gCO₂e (confirmed),2026-04-09 22:20:47.275739
cc5c9f85,eu-frontend,860d655b,659af6ef,3,0.032743,Verified savings: 32.7 gCO₂e (confirmed),2026-04-09 22:20:47.275747
8bef99ad,devops,9a659899,6758eafd,1,0.017531,Verified savings: 17.5 gCO₂e (confirmed),2026-04-09 22:20:47.275756
a5295c74,eu-backend,392e1150,613b0def,2,0.025515,Verified savings: 25.5 gCO₂e (confirmed),2026-04-09 22:20:47.275765
80c5f234,platform,3fc9f43a,f6a2ff88,1,0.016854,Verified savings: 16.9 gCO₂e (confirmed),2026-04-09 22:20:47.275775
9356ff17,backend-api,0d4a43ad,37c69d1f,1,0.014495,Verified savings: 14.5 gCO₂e (confirmed),2026-04-09 22:20:47.275787
becc0c12,backend-api,1388acb2,75ef0c94,2,0.024782,Verified savings: 24.8 gCO₂e (confirmed),2026-04-09 22:20:47.275800
4d286e54,eu-backend,f5e32bbb,e7ce0a58,1,0.018585,Verified savings: 18.6 gCO₂e (confirmed),2026-04-09 22:20:47.275810
fc379602,backend-api,70c259da,ba5f8f4a,2,0.022362,Verified savings: 22.4 gCO₂e (confirmed),2026-04-09 22:20:47.275818
a47b05fc,eu-frontend,5974c2e9,874e39bb,4,0.047167,Verified savings: 47.2 gCO₂e (confirmed),2026-04-09 22:20:47.275828
bee01090,frontend,9b9d7541,0e39b3a4,1,0.019122,Verified savings: 19.1 gCO₂e (confirmed),2026-04-09 22:20:47.275837
6088e51c,backend-api,5c1286fe,f3a7d3a2,7,0.070224,Verified savings: 70.2 gCO₂e (confirmed),2026-04-09 22:20:47.275845
0d8da49b,frontend,5df3617e,308efa27,2,0.022756,Verified savings: 22.8 gCO₂e (confirmed),2026-04-09 22:20:47.275855
b2f58322,eu-backend,2a90905b,090c0597,6,0.066368,Verified savings: 66.4 gCO₂e (confirmed),2026-04-09 22:20:47.275890
c75751c1,backend-api,895c88c2,ff0fbb85,50,0.506048,Verified savings: 506.0 gCO₂e (confirmed),2026-04-09 22:20:47.275899
ae916313,ml-team,48a0f214,73811a3d,3,0.039127,Verified savings: 39.1 gCO₂e (confirmed),2026-04-09 22:20:47.275907
9559fca8,platform,d06ee226,ee2d1b81,1,0.019285,Verified savings: 19.3 gCO₂e (confirmed),2026-04-09 22:20:47.275916
20448713,eu-backend,76af5d3e,ac002266,3,0.039936,Verified savings: 39.9 gCO₂e (confirmed),2026-04-09 22:20:47.275924
a5df54e2,eu-frontend,315b541e,ad8a2f1a,1,0.016483,Verified savings: 16.5 gCO₂e (confirmed),2026-04-09 22:20:47.275932
5ffc3b02,mobile,b1db4ada,9a79c1c0,2,0.022365,Verified savings: 22.4 gCO₂e (confirmed),2026-04-09 22:20:47.275943
a4030889,eu-backend,40d03aad,76e84afb,4,0.043506,Verified savings: 43.5 gCO₂e (confirmed),2026-04-09 22:20:47.275952
8b67e104,backend-api,b0dbd776,29b13ec8,1,0.010409,Verified savings: 10.4 gCO₂e (confirmed),2026-04-09 22:20:47.275960
e52adc63,eu-backend,e9f404c1,06ad07ec,3,0.03318,Verified savings: 33.2 gCO₂e (confirmed),2026-04-09 22:20:47.275983
3eaa435e,eu-backend,ad6fbc86,262f3b67,1,0.014908,Verified savings: 14.9 gCO₂e (confirmed),2026-04-09 22:20:47.276087
08e9cfed,backend-api,59253d38,12cf7173,88,0.883652,Verified savings: 883.7 gCO₂e (confirmed),2026-04-09 22:20:47.276105
2c82f4fb,backend-api,8f43b0df,37fca635,124,1.245047,Verified savings: 1245.0 gCO₂e (confirmed),2026-04-09 22:20:47.276115
b26c2bef,eu-frontend,b35238da,1ba4b810,101,1.01396,Verified savings: 1014.0 gCO₂e (confirmed),2026-04-09 22:20:47.276124
bd49e973,platform,cb7e0a7a,e83c7cec,123,1.230032,Verified savings: 1230.0 gCO₂e (confirmed),2026-04-09 22:20:47.276132
85abad00,frontend,02413cbd,6058528c,82,0.827683,Verified savings: 827.7 gCO₂e (confirmed),2026-04-09 22:20:47.276141
e3add797,platform,1de7f17c,03564631,86,0.863543,Verified savings: 863.5 gCO₂e (confirmed),2026-04-09 22:20:47.276149
02fdf4a4,backend-api,43b3ab2a,e6185bec,2,0.025787,Verified savings: 25.8 gCO₂e (confirmed),2026-04-09 22:20:47.276161
95015d87,frontend,833d51d5,565f42fa,3,0.033849,Verified savings: 33.8 gCO₂e (confirmed),2026-04-09 22:20:47.276170
ec969372,mobile,c1ad7b9b,884c4e9d,1,0.012976,Verified savings: 13.0 gCO₂e (confirmed),2026-04-09 22:20:47.276179
bd279a0c,frontend,238b51bb,48b71615,5,0.053331,Verified savings: 53.3 gCO₂e (confirmed),2026-04-09 22:20:47.276190
43b2fe72,devops,c8022a01,be6bada1,1,0.019919,Verified savings: 19.9 gCO₂e (confirmed),2026-04-09 22:20:47.276198
39eb0c8e,platform,c878902c,c1e2d43c,1,0.015654,Verified savings: 15.7 gCO₂e (confirmed),2026-04-09 22:20:47.276206
f9d33862,frontend,8351f3ea,1b535c05,1,0.013716,Verified savings: 13.7 gCO₂e (confirmed),2026-04-09 22:20:47.276214
4871680b,mobile,181b22de,6139fddb,2,0.025176,Verified savings: 25.2 gCO₂e (confirmed),2026-04-09 22:20:47.276223
80ad42ff,eu-frontend,8cf364c9,55b70542,1,0.015137,Verified savings: 15.1 gCO₂e (confirmed),2026-04-09 22:20:47.276235
ffc988a9,platform,0699ea39,15c3d82d,2,0.027764,Verified savings: 27.8 gCO₂e (confirmed),2026-04-09 22:20:47.276243
0e5a1147,eu-frontend,f32b8ff5,02c998d1,1,0.016893,Verified savings: 16.9 gCO₂e (confirmed),2026-04-09 22:20:47.276255
28e7d095,backend-api,c3e69b09,48e478ae,2,0.029923,Verified savings: 29.9 gCO₂e (confirmed),2026-04-09 22:20:47.276263
1010ba42,frontend,6a6dfe9a,c55bf810,1,0.016883,Verified savings: 16.9 gCO₂e (confirmed),2026-04-09 22:20:47.276273
b9e88322,frontend,d1a4397c,c14d9ea8,2,0.027026,Verified savings: 27.0 gCO₂e (confirmed),2026-04-09 22:20:47.276281
0b1bc256,eu-backend,76421542,7e835516,2,0.028592,Verified savings: 28.6 gCO₂e (confirmed),2026-04-09 22:20:47.276292
3a7a4064,platform,88e4f256,7f3ca4d2,3,0.030414,Verified savings: 30.4 gCO₂e (confirmed),2026-04-09 22:20:47.276302
a8efbfd7,eu-backend,b28ad539,7292ea61,1,0.018526,Verified savings: 18.5 gCO₂e (confirmed),2026-04-09 22:20:47.276312
1b053535,eu-backend,daf33070,9e1a843c,1,0.010757,Verified savings: 10.8 gCO₂e (confirmed),2026-04-09 22:20:47.276325
bbccad5d,backend-api,4f3c2dcc,9431fb79,1,0.01067,Verified savings: 10.7 gCO₂e (confirmed),2026-04-09 22:20:47.276335
f1b1e082,eu-backend,96bc03bb,bb041e5e,1,0.01268,Verified savings: 12.7 gCO₂e (confirmed),2026-04-09 22:20:47.276344
6d9f1930,eu-backend,d7697008,2195a5ba,7,0.076334,Verified savings: 76.3 gCO₂e (confirmed),2026-04-09 22:20:47.276354
287a82ff,backend-api,2be3f682,afa772cc,2,0.023317,Verified savings: 23.3 gCO₂e (confirmed),2026-04-09 22:20:47.276363
f325e80b,platform,b173ad48,a3a01132,2,0.026789,Verified savings: 26.8 gCO₂e (confirmed),2026-04-09 22:20:47.276372
ab4c523a,backend-api,c6e74886,86843e31,1,0.013198,Verified savings: 13.2 gCO₂e (confirmed),2026-04-09 22:20:47.276384
e94aaa30,eu-backend,17a55c58,e86a5271,2,0.029127,Verified savings: 29.1 gCO₂e (confirmed),2026-04-09 22:20:47.276395
4a9e010f,platform,a4006f92,50966467,3,0.036842,Verified savings: 36.8 gCO₂e (confirmed),2026-04-09 22:20:47.276403
6d53a111,platform,e478dccb,7a06e8bd,1,0.019951,Verified savings: 20.0 gCO₂e (confirmed),2026-04-09 22:20:47.276413
1400ec58,mobile,c841dbc7,c73a4334,3,0.034481,Verified savings: 34.5 gCO₂e (confirmed),2026-04-09 22:20:47.276421
71b6fd37,mobile,315cebef,762e5ddb,1,0.011765,Verified savings: 11.8 gCO₂e (confirmed),2026-04-09 22:20:47.276430
2437d04e,eu-frontend,563f0eb7,03b3c9a4,7,0.070128,Verified savings: 70.1 gCO₂e (confirmed),2026-04-09 22:20:47.276513
855bc621,eu-frontend,612e5caa,9414d681,3,0.030193,Verified savings: 30.2 gCO₂e (confirmed),2026-04-09 22:20:47.276523
4615fc79,backend-api,425a4c55,a80348df,70,0.707429,Verified savings: 707.4 gCO₂e (confirmed),2026-04-09 22:20:47.276534
0d376b7e,analytics,44571561,bc83c50c,5,0.055385,Verified savings: 55.4 gCO₂e (confirmed),2026-04-09 22:20:47.276544
5cc60d96,ml-team,a6b0d8bc,23349926,7,0.070388,Verified savings: 70.4 gCO₂e (confirmed),2026-04-09 22:20:47.276553
42096378,eu-backend,44fe2f7b,06134ae7,2,0.026184,Verified savings: 26.2 gCO₂e (confirmed),2026-04-09 22:20:47.276561
e2d1dafe,frontend,ae9c18ca,88676349,2,0.026164,Verified savings: 26.2 gCO₂e (confirmed),2026-04-09 22:20:47.276576
e31f2b99,eu-backend,84e384be,b176814e,3,0.031341,Verified savings: 31.3 gCO₂e (confirmed),2026-04-09 22:20:47.276584
89d7f3ba,eu-frontend,c0f44b7e,439d1201,7,0.07491,Verified savings: 74.9 gCO₂e (confirmed),2026-04-09 22:20:47.276592
e4246c96,eu-backend,19130921,ed05a40d,1,0.013986,Verified savings: 14.0 gCO₂e (confirmed),2026-04-09 22:20:47.276600
b78dfd14,eu-backend,6ef94bce,ffe49ff1,3,0.031706,Verified savings: 31.7 gCO₂e (confirmed),2026-04-09 22:20:47.276608
918addab,eu-backend,a74b1f10,2a5d0f0b,1,0.015121,Verified savings: 15.1 gCO₂e (confirmed),2026-04-09 22:20:47.276618
db09a72a,eu-backend,b396fd54,e952894a,2,0.021017,Verified savings: 21.0 gCO₂e (confirmed),2026-04-09 22:20:47.276626
cd21055c,eu-frontend,6cdc567e,344b547a,2,0.028067,Verified savings: 28.1 gCO₂e (confirmed),2026-04-09 22:20:47.276634
652bc5ef,eu-backend,44cdfd97,e06f5831,2,0.022351,Verified savings: 22.4 gCO₂e (confirmed),2026-04-09 22:20:47.276646
3bc386e9,eu-frontend,9691ad27,de9787b8,9,0.095326,Verified savings: 95.3 gCO₂e (confirmed),2026-04-09 22:20:47.276657
2aeee6b8,eu-frontend,b24486c4,7a312cd7,2,0.025894,Verified savings: 25.9 gCO₂e (confirmed),2026-04-09 22:20:47.276729
15b86cea,eu-frontend,df3ae362,dfbcdc18,5,0.058425,Verified savings: 58.4 gCO₂e (confirmed),2026-04-09 22:20:47.276740
28a18a2e,eu-frontend,de4ca2ac,6e6f3265,5,0.053808,Verified savings: 53.8 gCO₂e (confirmed),2026-04-09 22:20:47.276748
9b1e3544,eu-backend,ad57e09d,00901b4a,76,0.768638,Verified savings: 768.6 gCO₂e (confirmed),2026-04-09 22:20:47.276756
a420ad07,eu-backend,123c75aa,f1847ab4,2,0.027137,Verified savings: 27.1 gCO₂e (confirmed),2026-04-09 22:20:47.276767
cca12bbb,eu-frontend,4ff82c9e,a5fd739a,1,0.017723,Verified savings: 17.7 gCO₂e (confirmed),2026-04-09 22:20:47.276775
c31cebaa,eu-backend,2d1d4d35,8a6f8b19,1,0.012946,Verified savings: 12.9 gCO₂e (confirmed),2026-04-09 22:20:47.276783
75343c84,eu-frontend,343eff3a,4785faeb,1,0.016555,Verified savings: 16.6 gCO₂e (confirmed),2026-04-09 22:20:47.276791
eb777e84,eu-frontend,03a55b78,d7a0ebca,2,0.023639,Verified savings: 23.6 gCO₂e (confirmed),2026-04-09 22:20:47.276804
76eb07ed,eu-frontend,96c9f719,44764037,2,0.027712,Verified savings: 27.7 gCO₂e (confirmed),2026-04-09 22:20:47.276824
61275103,eu-backend,30db421f,16c777f2,4,0.041227,Verified savings: 41.2 gCO₂e (confirmed),2026-04-09 22:20:47.276832
bcc75453,frontend,93600586,5d3bddf4,1,0.010081,Verified savings: 10.1 gCO₂e (confirmed),2026-04-09 22:20:47.276851
495aeece,eu-backend,2a574ab7,d204b731,2,0.023666,Verified savings: 23.7 gCO₂e (confirmed),2026-04-09 22:20:47.276896
4906881b,eu-backend,fb82235e,c7b3d84d,1,0.010149,Verified savings: 10.1 gCO₂e (confirmed),2026-04-09 22:20:47.276907
c0662c57,platform,24390115,7a68468b,1,0.021135,Partial savings: 21.1 gCO₂e (50% credit),2026-04-09 22:20:47.276921
af753b8b,eu-frontend,7557f6cf,9d97cdbf,1,0.017316,Verified savings: 17.3 gCO₂e (confirmed),2026-04-09 22:20:47.276933
c2d23236,eu-frontend,f740fb6e,566902be,9,0.094539,Verified savings: 94.5 gCO₂e (confirmed),2026-04-09 22:20:47.276943
de2806cd,eu-frontend,f6fc1e60,d5b5a2f3,2,0.026591,Verified savings: 26.6 gCO₂e (confirmed),2026-04-09 22:20:47.276951
89df60ed,eu-frontend,e0dbd8c0,5c3634b0,51,0.513682,Verified savings: 513.7 gCO₂e (confirmed),2026-04-09 22:20:47.276959
2d16c894,platform,eeedd837,e45e9e26,100,1.003698,Verified savings: 1003.7 gCO₂e (confirmed),2026-04-09 22:20:47.276968
c03173f1,eu-backend,a7c5c89d,77e765fe,58,0.581141,Verified savings: 581.1 gCO₂e (confirmed),2026-04-09 22:20:47.276976
7b9a3623,backend-api,a9601b45,79126d0c,4,0.048821,Verified savings: 48.8 gCO₂e (confirmed),2026-04-09 22:20:47.276989
b99954d1,mobile,2d8c27a3,06b9eca6,2,0.021593,Verified savings: 21.6 gCO₂e (confirmed),2026-04-09 22:20:47.277002
9118bf0a,mobile,1e9de40f,3410bcf3,3,0.035154,Verified savings: 35.2 gCO₂e (confirmed),2026-04-09 22:20:47.277015
1481c5fa,frontend,1a7c90cf,3b14487f,2,0.026451,Verified savings: 26.5 gCO₂e (confirmed),2026-04-09 22:20:47.277028
636e4b32,devops,a09ad3da,8c54d731,1,0.014447,Verified savings: 14.4 gCO₂e (confirmed),2026-04-09 22:20:47.277041
b49fa534,frontend,3687642c,0c329e6f,3,0.038572,Verified savings: 38.6 gCO₂e (confirmed),2026-04-09 22:20:47.277053
5319ad0f,backend-api,f8367533,d3029551,1,0.01318,Verified savings: 13.2 gCO₂e (confirmed),2026-04-09 22:20:47.277061
aa696586,frontend,194b0139,4a6fd57c,6,0.063648,Verified savings: 63.6 gCO₂e (confirmed),2026-04-09 22:20:47.277073
3a679db2,eu-backend,aa69c1f2,659737c6,2,0.0298,Verified savings: 29.8 gCO₂e (confirmed),2026-04-09 22:20:47.277083
858fb273,mobile,c47a74e7,b8fc02ee,1,0.018108,Verified savings: 18.1 gCO₂e (confirmed),2026-04-09 22:20:47.277094
0d3b6cf2,mobile,609210ba,7d25d9ce,1,0.015957,Verified savings: 16.0 gCO₂e (confirmed),2026-04-09 22:20:47.277104
36c7acc2,backend-api,b84c1ef6,d7e5f282,1,0.019978,Verified savings: 20.0 gCO₂e (confirmed),2026-04-09 22:20:47.277119
c751a648,eu-backend,c2add2f5,52fe089c,2,0.022662,Verified savings: 22.7 gCO₂e (confirmed),2026-04-09 22:20:47.277128
752cf918,platform,3ce7c112,3ab5bc1f,1,0.02464,Partial savings: 24.6 gCO₂e (50% credit),2026-04-09 22:20:47.277210
e98bb675,eu-frontend,3b1416cf,8c6a5b74,3,0.036009,Verified savings: 36.0 gCO₂e (confirmed),2026-04-09 22:20:47.277222
34413375,eu-frontend,94626360,19bf934a,1,0.027432,Partial savings: 27.4 gCO₂e (50% credit),2026-04-09 22:20:47.277230
69d5c087,eu-backend,f4aab1c8,0cf3ff57,5,0.051683,Verified savings: 51.7 gCO₂e (confirmed),2026-04-09 22:20:47.277238
5995da8d,eu-backend,26008d0b,3cf892b1,132,1.323472,Verified savings: 1323.5 gCO₂e (confirmed),2026-04-09 22:20:47.277247
0be054f5,frontend,101c941e,6ffc21aa,5,0.114206,Partial savings: 114.2 gCO₂e (50% credit),2026-04-09 22:20:47.277255
c533381c,eu-frontend,e2ba7645,a61c5b0a,70,0.70479,Verified savings: 704.8 gCO₂e (confirmed),2026-04-09 22:20:47.277264
f8cd0b78,eu-backend,e890334e,0a8e90d1,9,0.184256,Partial savings: 184.3 gCO₂e (50% credit),2026-04-09 22:20:47.277272
e8da974e,frontend,2601ffc3,367dbdf4,1,0.012288,Verified savings: 12.3 gCO₂e (confirmed),2026-04-09 22:20:47.277281
0a280fe6,eu-frontend,b5c76154,d87432ba,2,0.024295,Verified savings: 24.3 gCO₂e (confirmed),2026-04-09 22:20:47.277292
60d3249c,eu-backend,42c0cd05,f8a24a78,1,0.012843,Verified savings: 12.8 gCO₂e (confirmed),2026-04-09 22:20:47.277302
34e1a5e7,eu-backend,a93318bc,57a8cb19,2,0.026728,Verified savings: 26.7 gCO₂e (confirmed),2026-04-09 22:20:47.277312
c99bd381,eu-frontend,77299975,abacec68,3,0.035973,Verified savings: 36.0 gCO₂e (confirmed),2026-04-09 22:20:47.277322
34a806f4,eu-frontend,ed6d1e69,c334c822,1,0.016239,Verified savings: 16.2 gCO₂e (confirmed),2026-04-09 22:20:47.277344
bf2d5805,eu-backend,de282d37,ad7d81ad,2,0.027195,Verified savings: 27.2 gCO₂e (confirmed),2026-04-09 22:20:47.277369
bce89331,eu-frontend,8205bf42,8de80788,2,0.057537,Partial savings: 57.5 gCO₂e (50% credit),2026-04-09 22:20:47.277392
4f3b2aee,eu-backend,62b5658a,d68fcdff,2,0.021608,Verified savings: 21.6 gCO₂e (confirmed),2026-04-09 22:20:47.277402
90a06a0b,eu-backend,5abf9aa1,9bf30ffd,3,0.033945,Verified savings: 33.9 gCO₂e (confirmed),2026-04-09 22:20:47.277415
cbfaae67,eu-frontend,950cd06a,9bdf59ac,1,0.01379,Verified savings: 13.8 gCO₂e (confirmed),2026-04-09 22:20:47.277427
7eda5137,eu-backend,33f473fd,41eae1d6,2,0.022435,Verified savings: 22.4 gCO₂e (confirmed),2026-04-09 22:20:47.277470
34151f56,backend-api,164535a4,7b2adcb3,6,0.121754,Partial savings: 121.8 gCO₂e (50% credit),2026-04-09 22:20:47.277480
b0cc34e0,frontend,755eb0cd,73bb3466,7,0.143062,Partial savings: 143.1 gCO₂e (50% credit),2026-04-09 22:20:47.277489
470674e8,devops,94718923,4d999d13,3,0.037115,Verified savings: 37.1 gCO₂e (confirmed),2026-04-09 22:20:47.277498
74ed137b,eu-frontend,713fcb88,b63fe047,1,0.011136,Verified savings: 11.1 gCO₂e (confirmed),2026-04-09 22:20:47.277514
19b6a68b,platform,19d2ff7f,0db296cf,2,0.023394,Verified savings: 23.4 gCO₂e (confirmed),2026-04-09 22:20:47.277524
322e4d6d,platform,75b9dac7,39bea238,1,0.012205,Verified savings: 12.2 gCO₂e (confirmed),2026-04-09 22:20:47.277540
76e1540c,eu-backend,e0cbf33d,0574df61,2,0.022165,Verified savings: 22.2 gCO₂e (confirmed),2026-04-09 22:20:47.277601
922d46df,eu-frontend,47cbd5cc,2554429a,2,0.022888,Verified savings: 22.9 gCO₂e (confirmed),2026-04-09 22:20:47.277611
f83b92b7,eu-frontend,46906d56,bea5043c,1,0.021356,Partial savings: 21.4 gCO₂e (50% credit),2026-04-09 22:20:47.277619
6f7c53da,eu-backend,00fb26a5,79f64237,2,0.029874,Verified savings: 29.9 gCO₂e (confirmed),2026-04-09 22:20:47.277627
9d05abb0,eu-backend,8a78502c,8d733f96,4,0.046345,Verified savings: 46.3 gCO₂e (confirmed),2026-04-09 22:20:47.277636
8e92415b,eu-frontend,0e88030e,71c3b6a2,1,0.017095,Verified savings: 17.1 gCO₂e (confirmed),2026-04-09 22:20:47.277644
e3e2ec1b,eu-backend,f6f95168,5fdd5c0c,4,0.040278,Verified savings: 40.3 gCO₂e (confirmed),2026-04-09 22:20:47.277652
3ddedae1,eu-frontend,8148ddfb,6cabc2fd,13,0.131357,Verified savings: 131.4 gCO₂e (confirmed),2026-04-09 22:20:47.277661
7eac02dc,frontend,cb29226b,a87ba525,117,1.171538,Verified savings: 1171.5 gCO₂e (confirmed),2026-04-09 22:20:47.277670
f21e0d42,eu-frontend,9c5fb0ab,800014a0,22,0.222862,Verified savings: 222.9 gCO₂e (confirmed),2026-04-09 22:20:47.277678
94524194,eu-backend,c6450e5d,680235b7,1,0.012886,Verified savings: 12.9 gCO₂e (confirmed),2026-04-09 22:20:47.277686
62d8ecc9,platform,123f22d0,c4709ba1,2,0.021622,Verified savings: 21.6 gCO₂e (confirmed),2026-04-09 22:20:47.277696
cc77de9f,backend-api,6883b72f,12f40547,5,0.053008,Verified savings: 53.0 gCO₂e (confirmed),2026-04-09 22:20:47.277707
0eee936a,frontend,fd5a2344,2b8f053d,1,0.015276,Verified savings: 15.3 gCO₂e (confirmed),2026-04-09 22:20:47.277715
61f7d035,eu-backend,d83adf0a,8a6b3d60,1,0.01045,Verified savings: 10.4 gCO₂e (confirmed),2026-04-09 22:20:47.277725
45c06c18,platform,ccd2ccbe,bbc465e6,4,0.049649,Verified savings: 49.6 gCO₂e (confirmed),2026-04-09 22:20:47.277736
fbca305c,backend-api,73eda555,a07dbee1,1,0.018318,Verified savings: 18.3 gCO₂e (confirmed),2026-04-09 22:20:47.277744
c9b26f08,mobile,95cfcb40,c8773263,1,0.016561,Verified savings: 16.6 gCO₂e (confirmed),2026-04-09 22:20:47.277752
7027127a,devops,f31dde99,52548613,1,0.012176,Verified savings: 12.2 gCO₂e (confirmed),2026-04-09 22:20:47.277760
b05b897f,platform,d1d4d1a1,f5eb8137,1,0.012506,Verified savings: 12.5 gCO₂e (confirmed),2026-04-09 22:20:47.277768
22123825,backend-api,6e431814,89dd0717,2,0.025594,Verified savings: 25.6 gCO₂e (confirmed),2026-04-09 22:20:47.277777
1b8f5bfb,eu-frontend,71e92b69,9314c507,3,0.030452,Verified savings: 30.5 gCO₂e (confirmed),2026-04-09 22:20:47.277794
c2cd0d30,eu-frontend,fc21170f,db8757fe,2,0.024586,Verified savings: 24.6 gCO₂e (confirmed),2026-04-09 22:20:47.277805
4c03a55b,devops,61b27765,888e59ca,3,0.038696,Verified savings: 38.7 gCO₂e (confirmed),2026-04-09 22:20:47.277816
1e75de91,devops,85e2cdc3,19b9a996,1,0.012329,Verified savings: 12.3 gCO₂e (confirmed),2026-04-09 22:20:47.277826
f26f0d61,platform,17fee91d,15f8efc3,1,0.010677,Verified savings: 10.7 gCO₂e (confirmed),2026-04-09 22:20:47.277837
47c1204e,eu-backend,93c1137a,b25abc24,2,0.028553,Verified savings: 28.6 gCO₂e (confirmed),2026-04-09 22:20:47.277908
661ac8d0,platform,78d5a7cd,47e1ce3d,1,0.010836,Verified savings: 10.8 gCO₂e (confirmed),2026-04-09 22:20:47.277930
c2f9b740,backend-api,45fa7523,a7cf0dc6,2,0.028726,Verified savings: 28.7 gCO₂e (confirmed),2026-04-09 22:20:47.277945
0d421bd1,platform,c509d07f,072a6ceb,3,0.034067,Verified savings: 34.1 gCO₂e (confirmed),2026-04-09 22:20:47.277957
3a3cf210,backend-api,98b9028a,da13ebc8,2,0.024601,Verified savings: 24.6 gCO₂e (confirmed),2026-04-09 22:20:47.277968
32f33798,frontend,64a7ab4f,35795d67,1,0.014075,Verified savings: 14.1 gCO₂e (confirmed),2026-04-09 22:20:47.277979
a396ac2b,platform,3cc1e82e,2e7724d7,1,0.01176,Verified savings: 11.8 gCO₂e (confirmed),2026-04-09 22:20:47.277988
ad58b06a,eu-backend,1cfbce84,2af331bc,2,0.021088,Verified savings: 21.1 gCO₂e (confirmed),2026-04-09 22:20:47.278195
9d19bc13,eu-frontend,4ae2410a,025b7b6e,43,0.436074,Verified savings: 436.1 gCO₂e (confirmed),2026-04-09 22:20:47.278218
4ad03209,eu-backend,29cd6fd9,b6ca2d13,186,1.860889,Verified savings: 1860.9 gCO₂e (confirmed),2026-04-09 22:20:47.278234
0d3b8ae1,frontend,f006ac88,7d3aee1f,1,0.012999,Verified savings: 13.0 gCO₂e (confirmed),2026-04-09 22:20:47.278252
e15616f1,eu-backend,d1de2893,9501b267,4,0.04848,Verified savings: 48.5 gCO₂e (confirmed),2026-04-09 22:20:47.278269
20cbd1a2,eu-frontend,52aa0360,6f6a74ac,1,0.018182,Verified savings: 18.2 gCO₂e (confirmed),2026-04-09 22:20:47.278284
4680ba14,frontend,c053ffbd,a1bfb718,2,0.029301,Verified savings: 29.3 gCO₂e (confirmed),2026-04-09 22:20:47.278311
c41abae1,eu-frontend,fc4af69b,7a5e0350,1,0.011549,Verified savings: 11.5 gCO₂e (confirmed),2026-04-09 22:20:47.278327
ede11bd6,platform,12e95fcc,2ba1d2ca,1,0.010616,Verified savings: 10.6 gCO₂e (confirmed),2026-04-09 22:20:47.278345
63ea4b10,backend-api,269eeffc,da03e2db,1,0.014191,Verified savings: 14.2 gCO₂e (confirmed),2026-04-09 22:20:47.278360
589d788c,devops,60eb49c2,d9739280,1,0.011343,Verified savings: 11.3 gCO₂e (confirmed),2026-04-09 22:20:47.278376
c47bbfe6,eu-backend,87441deb,004b9e75,1,0.014154,Verified savings: 14.2 gCO₂e (confirmed),2026-04-09 22:20:47.278392
ca41c819,devops,5d400224,edacb543,2,0.026042,Verified savings: 26.0 gCO₂e (confirmed),2026-04-09 22:20:47.278408
ccaa6fa1,backend-api,c3b80e52,cbf85941,2,0.023004,Verified savings: 23.0 gCO₂e (confirmed),2026-04-09 22:20:47.278429
cbf593b8,backend-api,7348a09e,e9299b51,1,0.012313,Verified savings: 12.3 gCO₂e (confirmed),2026-04-09 22:20:47.278443
0aa5eedb,eu-backend,c14bdf16,edebcec1,5,0.059133,Verified savings: 59.1 gCO₂e (confirmed),2026-04-09 22:20:47.278471
a34fe5d6,eu-backend,478628e3,6a8e5a01,1,0.019645,Verified savings: 19.6 gCO₂e (confirmed),2026-04-09 22:20:47.278487
1acaaeff,platform,c2b779d8,2d38c626,1,0.01308,Verified savings: 13.1 gCO₂e (confirmed),2026-04-09 22:20:47.278507
d2a7c35a,eu-backend,b7bb9694,166e5eff,1,0.015231,Verified savings: 15.2 gCO₂e (confirmed),2026-04-09 22:20:47.278523
4f2f079d,frontend,dbf42b2a,a8d98093,2,0.02766,Verified savings: 27.7 gCO₂e (confirmed),2026-04-09 22:20:47.278538
0a867f99,frontend,41c4ea19,b28441e9,2,0.029731,Verified savings: 29.7 gCO₂e (confirmed),2026-04-09 22:20:47.278557
9bc0c8f1,eu-backend,ccb51cc2,2ed21b5d,3,0.031425,Verified savings: 31.4 gCO₂e (confirmed),2026-04-09 22:20:47.278568
8d3c47a6,devops,12a1b0b4,5f8d23bd,2,0.023617,Verified savings: 23.6 gCO₂e (confirmed),2026-04-09 22:20:47.278577
5aced0f5,platform,cb932495,9953fb89,2,0.028197,Verified savings: 28.2 gCO₂e (confirmed),2026-04-09 22:20:47.278586
d51258a8,frontend,4a424935,1fa30c01,2,0.025549,Verified savings: 25.5 gCO₂e (confirmed),2026-04-09 22:20:47.278594
9348f392,mobile,a2a3abd5,95c84a69,1,0.017064,Verified savings: 17.1 gCO₂e (confirmed),2026-04-09 22:20:47.278603
295fea59,eu-backend,6516be01,1578e9a5,4,0.047532,Verified savings: 47.5 gCO₂e (confirmed),2026-04-09 22:20:47.278612
0e2c361c,eu-backend,204b92a8,ccc0e302,3,0.030926,Verified savings: 30.9 gCO₂e (confirmed),2026-04-09 22:20:47.278621
27b1ae7d,eu-backend,b585c2aa,05c1c84e,4,0.043088,Verified savings: 43.1 gCO₂e (confirmed),2026-04-09 22:20:47.278679
52e88003,eu-backend,8050ad4e,64a7c9f3,13,0.131427,Verified savings: 131.4 gCO₂e (confirmed),2026-04-09 22:20:47.278689
f838a999,eu-backend,9385e596,6fd23d49,2,0.021613,Verified savings: 21.6 gCO₂e (confirmed),2026-04-09 22:20:47.278701
d94c5b2a,eu-backend,789298fb,c258bf0b,1,0.013029,Verified savings: 13.0 gCO₂e (confirmed),2026-04-09 22:20:47.278710
f71bcf40,eu-frontend,ebbff911,977340f8,6,0.068471,Verified savings: 68.5 gCO₂e (confirmed),2026-04-09 22:20:47.278724
dfe403ae,backend-api,c8450264,822a81ff,1,0.017471,Verified savings: 17.5 gCO₂e (confirmed),2026-04-09 22:20:47.278733
930c0ee6,mobile,3a3afa84,94ab2efb,7,0.071095,Verified savings: 71.1 gCO₂e (confirmed),2026-04-09 22:20:47.278745
155a2d1b,devops,2681861f,43d3849a,2,0.029481,Verified savings: 29.5 gCO₂e (confirmed),2026-04-09 22:20:47.278755
a1703a67,eu-backend,d3c40329,30b618ec,6,0.063726,Verified savings: 63.7 gCO₂e (confirmed),2026-04-09 22:20:47.278764
546a3b3e,frontend,a40c758c,c0af1858,1,0.015735,Verified savings: 15.7 gCO₂e (confirmed),2026-04-09 22:20:47.278772
aa637708,backend-api,50266b46,7957d810,1,0.019874,Verified savings: 19.9 gCO₂e (confirmed),2026-04-09 22:20:47.278783
75776b80,eu-frontend,a91095f0,0a322d6f,2,0.024137,Verified savings: 24.1 gCO₂e (confirmed),2026-04-09 22:20:47.278792
1d34a38f,devops,729fb719,2caeb0b1,2,0.021279,Verified savings: 21.3 gCO₂e (confirmed),2026-04-09 22:20:47.278808
c40dff2f,eu-backend,3a0b4541,79416239,1,0.024693,Partial savings: 24.7 gCO₂e (50% credit),2026-04-09 22:20:47.278882
69c2d2a8,frontend,19872e1b,f57f4612,7,0.147212,Partial savings: 147.2 gCO₂e (50% credit),2026-04-09 22:20:47.278893
393097ec,eu-frontend,ee33340c,2d7e9772,118,1.188142,Verified savings: 1188.1 gCO₂e (confirmed),2026-04-09 22:20:47.278902
739e444d,eu-backend,cc0ed213,07b8ecc4,2,0.029294,Verified savings: 29.3 gCO₂e (confirmed),2026-04-09 22:20:47.278915
dd999f81,eu-frontend,28ed40d5,9560eb00,1,0.01001,Verified savings: 10.0 gCO₂e (confirmed),2026-04-09 22:20:47.278961
4725259a,mobile,c3ae3400,727637b3,6,0.069561,Verified savings: 69.6 gCO₂e (confirmed),2026-04-09 22:20:47.279017
2c2b274c,devops,bd716427,88349a1e,2,0.026025,Verified savings: 26.0 gCO₂e (confirmed),2026-04-09 22:20:47.279135
bbf16044,backend-api,a2d5d8fb,c57831e9,1,0.017066,Verified savings: 17.1 gCO₂e (confirmed),2026-04-09 22:20:47.279151
87968919,backend-api,068e2a0e,f75d6075,1,0.010232,Verified savings: 10.2 gCO₂e (confirmed),2026-04-09 22:20:47.279160
fa5a0117,eu-backend,12e90645,3ff1bfe9,2,0.023613,Verified savings: 23.6 gCO₂e (confirmed),2026-04-09 22:20:47.279168
b55d3245,platform,d1b3e5c3,540086b3,1,0.016354,Verified savings: 16.4 gCO₂e (confirmed),2026-04-09 22:20:47.279181
05eec3d1,frontend,df4ec37d,61e4c2d6,1,0.037164,Partial savings: 37.2 gCO₂e (50% credit),2026-04-09 22:20:47.279191
7b04dcbf,eu-backend,ebe40e33,650ce637,22,0.224363,Verified savings: 224.4 gCO₂e (confirmed),2026-04-09 22:20:47.279219
901a9a1b,backend-api,211e6fc8,c7991916,14,0.143961,Verified savings: 144.0 gCO₂e (confirmed),2026-04-09 22:20:47.279227
b58d0e93,mobile,de3a9a06,c837e1f8,6,0.136732,Partial savings: 136.7 gCO₂e (50% credit),2026-04-09 22:20:47.279235
4a830410,devops,576fb53f,cacec642,1,0.030557,Partial savings: 30.6 gCO₂e (50% credit),2026-04-09 22:20:47.279242
83102bcd,eu-frontend,e9ea4f71,fceab23f,68,0.680501,Verified savings: 680.5 gCO₂e (confirmed),2026-04-09 22:20:47.279250
45d8ecbb,mobile,361f04e3,157e1c5c,3,0.067584,Partial savings: 67.6 gCO₂e (50% credit),2026-04-09 22:20:47.279257
e2a8343a,frontend,f82de246,92bf9072,2,0.024804,Verified savings: 24.8 gCO₂e (confirmed),2026-04-09 22:20:47.279266
5a43fd54,eu-frontend,0330599e,3bee505a,1,0.012271,Verified savings: 12.3 gCO₂e (confirmed),2026-04-09 22:20:47.279273
255874d1,devops,b4dfe592,ec421564,1,0.016329,Verified savings: 16.3 gCO₂e (confirmed),2026-04-09 22:20:47.279283
7eeba028,frontend,7ead0a0a,a7dfdfcd,1,0.013021,Verified savings: 13.0 gCO₂e (confirmed),2026-04-09 22:20:47.279294
02ee540c,frontend,9b8a0712,89ef8ba7,4,0.044687,Verified savings: 44.7 gCO₂e (confirmed),2026-04-09 22:20:47.279305
13471dd9,backend-api,ad6bbbf7,51313dc1,1,0.012614,Verified savings: 12.6 gCO₂e (confirmed),2026-04-09 22:20:47.279313
4c4da382,platform,c90f4401,94a8d201,6,0.064416,Verified savings: 64.4 gCO₂e (confirmed),2026-04-09 22:20:47.279322
1ebc38ea,backend-api,e862daa9,13ae5db2,1,0.011162,Verified savings: 11.2 gCO₂e (confirmed),2026-04-09 22:20:47.279330
fa5b8c84,frontend,2cefc2ea,12c6cf2e,3,0.030343,Verified savings: 30.3 gCO₂e (confirmed),2026-04-09 22:20:47.279338
a496f9f9,backend-api,ba869bdc,e328ae56,1,0.0105,Verified savings: 10.5 gCO₂e (confirmed),2026-04-09 22:20:47.279348
0b717445,platform,59fdf0c2,aaf05505,1,0.012783,Verified savings: 12.8 gCO₂e (confirmed),2026-04-09 22:20:47.279356
666df4f9,platform,add4c822,d423ccd1,2,0.022647,Verified savings: 22.6 gCO₂e (confirmed),2026-04-09 22:20:47.279366
b9555b7e,frontend,859268df,ec5924cf,1,0.016077,Verified savings: 16.1 gCO₂e (confirmed),2026-04-09 22:20:47.279375
2ec02443,eu-backend,a1516541,6da1fea7,5,0.058507,Verified savings: 58.5 gCO₂e (confirmed),2026-04-09 22:20:47.279389
c57f199e,eu-frontend,81bc6407,7f44d0ec,1,0.01743,Verified savings: 17.4 gCO₂e (confirmed),2026-04-09 22:20:47.279398
2dfa60af,eu-frontend,aa798328,fff66199,1,0.018732,Verified savings: 18.7 gCO₂e (confirmed),2026-04-09 22:20:47.279407
ffa07322,eu-frontend,c50f498a,d7f48716,1,0.012289,Verified savings: 12.3 gCO₂e (confirmed),2026-04-09 22:20:47.279415
7783c7d1,eu-frontend,9fd26113,644a1246,1,0.01996,Verified savings: 20.0 gCO₂e (confirmed),2026-04-09 22:20:47.279424
04cd1a35,eu-backend,5bcee0b4,c961a7ed,3,0.031541,Verified savings: 31.5 gCO₂e (confirmed),2026-04-09 22:20:47.279461
bf2e2274,frontend,bbc05dd0,2a23e9f0,24,0.244704,Verified savings: 244.7 gCO₂e (confirmed),2026-04-09 22:20:47.279469
d804d1a5,eu-backend,5f40acd9,597a8be3,35,0.35441,Verified savings: 354.4 gCO₂e (confirmed),2026-04-09 22:20:47.279478
09f34666,eu-frontend,81dccec4,ea99f545,3,0.033884,Verified savings: 33.9 gCO₂e (confirmed),2026-04-09 22:20:47.279485
9802c93a,backend-api,60651c49,3c997d65,2,0.020537,Verified savings: 20.5 gCO₂e (confirmed),2026-04-09 22:20:47.279495
fc22144c,eu-frontend,fd9398b5,d84b7b91,2,0.025177,Verified savings: 25.2 gCO₂e (confirmed),2026-04-09 22:20:47.279503
daff2524,platform,8e4241d3,f00ad6b7,2,0.020503,Verified savings: 20.5 gCO₂e (confirmed),2026-04-09 22:20:47.279510
6297d0ec,backend-api,7a575111,fca88885,2,0.02526,Verified savings: 25.3 gCO₂e (confirmed),2026-04-09 22:20:47.279518
01ed3518,platform,e2fd965f,0da973d3,1,0.019705,Verified savings: 19.7 gCO₂e (confirmed),2026-04-09 22:20:47.279525
278d32ed,platform,5e025216,d10459d6,5,0.050909,Verified savings: 50.9 gCO₂e (confirmed),2026-04-09 22:20:47.279533
24fd8c6f,eu-backend,1bdb7048,74a1451f,1,0.012527,Verified savings: 12.5 gCO₂e (confirmed),2026-04-09 22:20:47.279555
181cfa2c,eu-frontend,3993d3db,2ea5c7f5,4,0.049669,Verified savings: 49.7 gCO₂e (confirmed),2026-04-09 22:20:47.279563
362dd932,frontend,88ad739b,cbdb50a4,2,0.029912,Verified savings: 29.9 gCO₂e (confirmed),2026-04-09 22:20:47.279570
89e5e0e0,eu-frontend,f27a3544,d0e1e421,5,0.05634,Verified savings: 56.3 gCO₂e (confirmed),2026-04-09 22:20:47.279578
377dae92,frontend,20052977,6b9c4b17,1,0.019197,Verified savings: 19.2 gCO₂e (confirmed),2026-04-09 22:20:47.279589
a6d6087d,backend-api,18eb518c,c598ceb1,1,0.016294,Verified savings: 16.3 gCO₂e (confirmed),2026-04-09 22:20:47.279596
20fe67cf,eu-frontend,1bd5aeeb,6e2a7cf4,1,0.016925,Verified savings: 16.9 gCO₂e (confirmed),2026-04-09 22:20:47.279664
3793d483,eu-backend,8458879f,597eb0cc,18,0.182531,Verified savings: 182.5 gCO₂e (confirmed),2026-04-09 22:20:47.279679
8d024e2f,eu-frontend,9fc748ed,76670d77,46,0.467399,Verified savings: 467.4 gCO₂e (confirmed),2026-04-09 22:20:47.279687
1ec64cc1,eu-backend,0bc6172e,8df14d9b,54,0.548263,Verified savings: 548.3 gCO₂e (confirmed),2026-04-09 22:20:47.279694
a87b825a,eu-backend,214b30cd,8edc8caf,3,0.063285,Partial savings: 63.3 gCO₂e (50% credit),2026-04-09 22:20:47.279702
f76d1f98,eu-backend,371bc8f0,04437e2d,45,0.451573,Verified savings: 451.6 gCO₂e (confirmed),2026-04-09 22:20:47.279709
cb5d988b,mobile,11ffde4c,8f2f30fc,2,0.026179,Verified savings: 26.2 gCO₂e (confirmed),2026-04-09 22:20:47.279716
1fc66f01,mobile,4e2e9358,5f524c86,4,0.040668,Verified savings: 40.7 gCO₂e (confirmed),2026-04-09 22:20:47.279723
44f5a104,eu-backend,d01a5814,e84a0690,1,0.016878,Verified savings: 16.9 gCO₂e (confirmed),2026-04-09 22:20:47.279731
b15ac006,backend-api,d915125b,1b96b0c1,1,0.014563,Verified savings: 14.6 gCO₂e (confirmed),2026-04-09 22:20:47.279738
1cc68eab,backend-api,532860af,e5a372d9,2,0.027038,Verified savings: 27.0 gCO₂e (confirmed),2026-04-09 22:20:47.279745
e53c1beb,eu-backend,24b02248,417f1a02,2,0.023634,Verified savings: 23.6 gCO₂e (confirmed),2026-04-09 22:20:47.279752
7fb67a28,eu-frontend,aaba7273,9610c802,1,0.019555,Verified savings: 19.6 gCO₂e (confirmed),2026-04-09 22:20:47.279762
ad231b57,eu-frontend,00e5ca1f,11941978,1,0.011637,Verified savings: 11.6 gCO₂e (confirmed),2026-04-09 22:20:47.279769
119ca540,backend-api,4ab902f1,42fb64ed,1,0.016026,Verified savings: 16.0 gCO₂e (confirmed),2026-04-09 22:20:47.279779
efc50b33,backend-api,1daa292b,fec6058a,1,0.013215,Verified savings: 13.2 gCO₂e (confirmed),2026-04-09 22:20:47.279786
e709f86b,platform,ed9e79fe,94d2cd30,2,0.026509,Verified savings: 26.5 gCO₂e (confirmed),2026-04-09 22:20:47.279794
8f61a12d,mobile,ac56ead9,d8512840,4,0.046535,Verified savings: 46.5 gCO₂e (confirmed),2026-04-09 22:20:47.279801
7993aa4f,eu-frontend,c603e576,1707623b,1,0.017553,Verified savings: 17.6 gCO₂e (confirmed),2026-04-09 22:20:47.279808
621f7fe4,devops,5dcb6a63,ab2dca4a,2,0.028027,Verified savings: 28.0 gCO₂e (confirmed),2026-04-09 22:20:47.279815
453b00ee,frontend,3215720f,f2b09552,2,0.023407,Verified savings: 23.4 gCO₂e (confirmed),2026-04-09 22:20:47.279823
8885a55a,backend-api,0a25d841,ceab8e7f,1,0.011383,Verified savings: 11.4 gCO₂e (confirmed),2026-04-09 22:20:47.279831
7509ae82,backend-api,a5ae6fde,c443e147,1,0.013286,Verified savings: 13.3 gCO₂e (confirmed),2026-04-09 22:20:47.279838
36679707,mobile,09c24eb2,d1645804,1,0.010194,Verified savings: 10.2 gCO₂e (confirmed),2026-04-09 22:20:47.279845
b1fd8e68,mobile,781cd4c3,78561ad9,1,0.015153,Verified savings: 15.2 gCO₂e (confirmed),2026-04-09 22:20:47.279853
0e18b46e,backend-api,d4284c74,657ffadf,2,0.022583,Verified savings: 22.6 gCO₂e (confirmed),2026-04-09 22:20:47.279862
7ce5f0f7,platform,d650d660,87638a03,3,0.032183,Verified savings: 32.2 gCO₂e (confirmed),2026-04-09 22:20:47.279874
adc2d0dc,backend-api,16944369,c6f32a08,1,0.011462,Verified savings: 11.5 gCO₂e (confirmed),2026-04-09 22:20:47.279881
cb3c4aac,eu-backend,8e0a1067,90232bb5,2,0.028775,Verified savings: 28.8 gCO₂e (confirmed),2026-04-09 22:20:47.279889
a15d275a,eu-frontend,2e16f18c,ca764fc5,2,0.028765,Verified savings: 28.8 gCO₂e (confirmed),2026-04-09 22:20:47.279898
fd5fdb67,platform,25cac40d,65ebb348,2,0.021341,Verified savings: 21.3 gCO₂e (confirmed),2026-04-09 22:20:47.279907
8fdc45b5,eu-frontend,0ac0630f,6494cf11,1,0.016567,Verified savings: 16.6 gCO₂e (confirmed),2026-04-09 22:20:47.279914
45779ebc,platform,2f978422,9dd2a818,2,0.022756,Verified savings: 22.8 gCO₂e (confirmed),2026-04-09 22:20:47.279923
d93360d5,backend-api,5cd92ba1,db13c645,1,0.011435,Verified savings: 11.4 gCO₂e (confirmed),2026-04-09 22:20:47.279936
6c07b2d3,eu-backend,127642c6,5b29026c,3,0.031712,Verified savings: 31.7 gCO₂e (confirmed),2026-04-09 22:20:47.280017
3271c4c4,eu-frontend,c507bd6b,eb69b890,99,0.998989,Verified savings: 999.0 gCO₂e (confirmed),2026-04-09 22:20:47.280030
40897da0,eu-backend,97f01093,96acfcbc,93,0.934433,Verified savings: 934.4 gCO₂e (confirmed),2026-04-09 22:20:47.280038
61857b7b,eu-backend,066d5d7e,bcccc317,2,0.027395,Verified savings: 27.4 gCO₂e (confirmed),2026-04-09 22:20:47.280046
d5003f1b,eu-backend,a0d73a90,b2eaa722,1,0.015498,Verified savings: 15.5 gCO₂e (confirmed),2026-04-09 22:20:47.280054
7f6812ef,eu-backend,aa0aba9c,3d7503fd,2,0.025626,Verified savings: 25.6 gCO₂e (confirmed),2026-04-09 22:20:47.280061
5ad5d1fa,eu-frontend,b09f035c,60b436e8,3,0.030047,Verified savings: 30.0 gCO₂e (confirmed),2026-04-09 22:20:47.280072
10e48b11,frontend,d2d63b8b,bb747c58,2,0.021608,Verified savings: 21.6 gCO₂e (confirmed),2026-04-09 22:20:47.280083
4db024ef,eu-frontend,41f7b803,fd6375b3,1,0.012678,Verified savings: 12.7 gCO₂e (confirmed),2026-04-09 22:20:47.280092
9a7b025c,frontend,8c08c419,1abb602c,1,0.01696,Verified savings: 17.0 gCO₂e (confirmed),2026-04-09 22:20:47.280103
5d70e9bb,eu-backend,a6825fc0,abc9c7b9,1,0.018806,Verified savings: 18.8 gCO₂e (confirmed),2026-04-09 22:20:47.280110
77d2cb81,eu-backend,6d918be2,ba36cc13,4,0.047382,Verified savings: 47.4 gCO₂e (confirmed),2026-04-09 22:20:47.280117
588b1244,eu-frontend,a922d12d,564a4d51,1,0.014535,Verified savings: 14.5 gCO₂e (confirmed),2026-04-09 22:20:47.280125
da22525f,eu-backend,68bf2fba,20a63289,1,0.019503,Verified savings: 19.5 gCO₂e (confirmed),2026-04-09 22:20:47.280134
f349938f,eu-backend,50991922,2506c30e,2,0.022807,Verified savings: 22.8 gCO₂e (confirmed),2026-04-09 22:20:47.280142
dcbf6956,eu-backend,b2d1ea7f,203846a2,1,0.019814,Verified savings: 19.8 gCO₂e (confirmed),2026-04-09 22:20:47.280151
987cc8fe,mobile,c56dcc84,8336884f,3,0.037756,Verified savings: 37.8 gCO₂e (confirmed),2026-04-09 22:20:47.280159
65d7ab5f,eu-backend,c0a2e6a7,5abbcd7e,1,0.016991,Verified savings: 17.0 gCO₂e (confirmed),2026-04-09 22:20:47.280167
a2479166,eu-backend,4cd58788,d99d81a4,1,0.011062,Verified savings: 11.1 gCO₂e (confirmed),2026-04-09 22:20:47.280174
304941cf,eu-frontend,c65d828d,4740bb0e,2,0.025015,Verified savings: 25.0 gCO₂e (confirmed),2026-04-09 22:20:47.280181
374c31d4,frontend,e2670b04,efd76b06,3,0.030823,Verified savings: 30.8 gCO₂e (confirmed),2026-04-09 22:20:47.280190
58e66172,eu-frontend,488a26ba,4b284f4d,2,0.0217,Verified savings: 21.7 gCO₂e (confirmed),2026-04-09 22:20:47.280198
fab970da,backend-api,6c4b68c6,50335eb9,2,0.022999,Verified savings: 23.0 gCO₂e (confirmed),2026-04-09 22:20:47.280205
f0ba339c,eu-backend,a9dba641,9c5147ba,4,0.040139,Verified savings: 40.1 gCO₂e (confirmed),2026-04-09 22:20:47.280212
67457b66,eu-frontend,ec1cb751,33f53132,1,0.011827,Verified savings: 11.8 gCO₂e (confirmed),2026-04-09 22:20:47.280267
94dd270f,eu-backend,543a4d05,81b198f8,2,0.02613,Verified savings: 26.1 gCO₂e (confirmed),2026-04-09 22:20:47.280275
ee99c625,eu-backend,b29562ee,c282bdb5,2,0.029198,Verified savings: 29.2 gCO₂e (confirmed),2026-04-09 22:20:47.280282
bf38f3ed,eu-backend,e0ab34bd,bedd4943,2,0.027027,Verified savings: 27.0 gCO₂e (confirmed),2026-04-09 22:20:47.280290
6f2c5c56,eu-frontend,6c34a00a,b804af96,2,0.027018,Verified savings: 27.0 gCO₂e (confirmed),2026-04-09 22:20:47.280298
7754f041,eu-backend,f6eac470,3fd4a80a,3,0.039156,Verified savings: 39.2 gCO₂e (confirmed),2026-04-09 22:20:47.280308
fdefd5f8,frontend,283fcc8e,9ec79afa,133,1.338008,Verified savings: 1338.0 gCO₂e (confirmed),2026-04-09 22:20:47.280317
a866091e,eu-frontend,d0986bfc,74c70b72,60,0.606069,Verified savings: 606.1 gCO₂e (confirmed),2026-04-09 22:20:47.280325
69437d83,backend-api,e7bf6e1d,ca9afb9a,55,0.554565,Verified savings: 554.6 gCO₂e (confirmed),2026-04-09 22:20:47.280332
d51cafdb,backend-api,4d62477b,d2d0e358,4,0.041052,Verified savings: 41.1 gCO₂e (confirmed),2026-04-09 22:20:47.280341
d664c2c9,eu-backend,d575e40b,5f6530cd,1,0.015681,Verified savings: 15.7 gCO₂e (confirmed),2026-04-09 22:20:47.280352
31de0189,frontend,edfdf546,54720a10,3,0.030027,Verified savings: 30.0 gCO₂e (confirmed),2026-04-09 22:20:47.280360
56b26b48,eu-frontend,71c46306,29e2e529,1,0.017897,Verified savings: 17.9 gCO₂e (confirmed),2026-04-09 22:20:47.280370
513f5b84,eu-frontend,20942449,8c0fc7b6,2,0.02934,Verified savings: 29.3 gCO₂e (confirmed),2026-04-09 22:20:47.280377
cbad7b42,frontend,bdb51057,499be1ff,1,0.010638,Verified savings: 10.6 gCO₂e (confirmed),2026-04-09 22:20:47.280384
90bece2a,platform,52a266d2,a8ac60d4,3,0.030475,Verified savings: 30.5 gCO₂e (confirmed),2026-04-09 22:20:47.280393
d7a51864,frontend,6ed7feac,24ecfb53,1,0.018395,Verified savings: 18.4 gCO₂e (confirmed),2026-04-09 22:20:47.280401
255c08a7,platform,d9064a31,7b605bc6,4,0.04767,Verified savings: 47.7 gCO₂e (confirmed),2026-04-09 22:20:47.280412
d9312af6,backend-api,c24b3d12,091323d3,1,0.017389,Verified savings: 17.4 gCO₂e (confirmed),2026-04-09 22:20:47.280422
8c5f1c23,backend-api,6cf54e87,8aa91972,2,0.020349,Verified savings: 20.3 gCO₂e (confirmed),2026-04-09 22:20:47.280429
8fc5e706,eu-backend,70d31985,7b6eaf27,1,0.011096,Verified savings: 11.1 gCO₂e (confirmed),2026-04-09 22:20:47.280436
79e688aa,mobile,7cd7ba75,8e72f67a,3,0.038431,Verified savings: 38.4 gCO₂e (confirmed),2026-04-09 22:20:47.280447
bf7a107f,frontend,f8f31482,6f37a63f,1,0.01107,Verified savings: 11.1 gCO₂e (confirmed),2026-04-09 22:20:47.280454
6c1df2ce,mobile,370e7a5b,7729ad4f,1,0.010813,Verified savings: 10.8 gCO₂e (confirmed),2026-04-09 22:20:47.280462
f6d4fb49,eu-frontend,986cca93,94efb41e,4,0.042937,Verified savings: 42.9 gCO₂e (confirmed),2026-04-09 22:20:47.280504
f13ea574,eu-backend,f5d901c0,c05969a6,5,0.057203,Verified savings: 57.2 gCO₂e (confirmed),2026-04-09 22:20:47.280516
9a838660,eu-frontend,7b0bb0db,75252184,6,0.067245,Verified savings: 67.2 gCO₂e (confirmed),2026-04-09 22:20:47.280523
739b625a,eu-backend,e0f20892,acfab3c5,1,0.018461,Verified savings: 18.5 gCO₂e (confirmed),2026-04-09 22:20:47.280533
d03412ef,eu-backend,16809303,9a7fd48d,2,0.021472,Verified savings: 21.5 gCO₂e (confirmed),2026-04-09 22:20:47.280544
afccfa7a,eu-backend,61f1732d,e4cf0239,3,0.037048,Verified savings: 37.0 gCO₂e (confirmed),2026-04-09 22:20:47.280551
5364f935,eu-frontend,21e76ea5,054415a5,1,0.015806,Verified savings: 15.8 gCO₂e (confirmed),2026-04-09 22:20:47.280559
2f2d30a3,eu-frontend,d5da9a94,ed1222b9,5,0.052361,Verified savings: 52.4 gCO₂e (confirmed),2026-04-09 22:20:47.280569
4c7a3e93,eu-backend,f37c1c30,e2995951,2,0.042714,Partial savings: 42.7 gCO₂e (50% credit),2026-04-09 22:20:47.280695
5b095fac,eu-frontend,62583887,a2faeb92,4,0.046857,Verified savings: 46.9 gCO₂e (confirmed),2026-04-09 22:20:47.280704
f91b57bc,eu-backend,a8dc7d2a,7953b216,1,0.015008,Verified savings: 15.0 gCO₂e (confirmed),2026-04-09 22:20:47.280713
0e272483,eu-frontend,450dbcd2,3478a3b9,2,0.022733,Verified savings: 22.7 gCO₂e (confirmed),2026-04-09 22:20:47.280720
e29e4307,eu-frontend,40cf54aa,fa7726c8,79,0.793063,Verified savings: 793.1 gCO₂e (confirmed),2026-04-09 22:20:47.280734
17f628e5,eu-backend,eae72458,ab6ec090,138,1.380683,Verified savings: 1380.7 gCO₂e (confirmed),2026-04-09 22:20:47.280741
aa0e66ec,devops,9efab7d4,4e6f10df,5,0.111335,Partial savings: 111.3 gCO₂e (50% credit),2026-04-09 22:20:47.280748
6671001e,eu-frontend,3f07649f,89e96b0b,4,0.046062,Verified savings: 46.1 gCO₂e (confirmed),2026-04-09 22:20:47.280780
d993c9a3,eu-frontend,e8284a47,a5ef3495,3,0.030658,Verified savings: 30.7 gCO₂e (confirmed),2026-04-09 22:20:47.280790
8b8d0359,eu-frontend,76f28396,492693f1,4,0.046648,Verified savings: 46.6 gCO₂e (confirmed),2026-04-09 22:20:47.280807
d3ea7a03,eu-backend,ebf4b20b,8b6370c1,1,0.019245,Verified savings: 19.2 gCO₂e (confirmed),2026-04-09 22:20:47.280815
67d58037,eu-backend,b283845a,461e5f9a,2,0.022758,Verified savings: 22.8 gCO₂e (confirmed),2026-04-09 22:20:47.280845
637442cc,eu-frontend,8ef2255a,a985975e,3,0.030347,Verified savings: 30.3 gCO₂e (confirmed),2026-04-09 22:20:47.280853
f720f7fe,eu-frontend,739f91a4,6f44ab2f,1,0.025076,Partial savings: 25.1 gCO₂e (50% credit),2026-04-09 22:20:47.280883
a323d9b1,frontend,69dffb3b,9a622cab,6,0.135552,Partial savings: 135.6 gCO₂e (50% credit),2026-04-09 22:20:47.280895
f0ae2dc0,backend-api,4ba35578,673d9b2b,4,0.089599,Partial savings: 89.6 gCO₂e (50% credit),2026-04-09 22:20:47.280902
c6dc6e2f,eu-backend,311bf061,5cc5e0a5,1,0.013282,Verified savings: 13.3 gCO₂e (confirmed),2026-04-09 22:20:47.280911
c7019e17,eu-frontend,71ac062d,5fff6eaa,1,0.018914,Verified savings: 18.9 gCO₂e (confirmed),2026-04-09 22:20:47.280919
015e2573,eu-backend,fb0e17a7,ef2863a3,2,0.028187,Verified savings: 28.2 gCO₂e (confirmed),2026-04-09 22:20:47.280930
265125c9,backend-api,d0b0fe37,4f9167fc,4,0.049331,Verified savings: 49.3 gCO₂e (confirmed),2026-04-09 22:20:47.280956
e90cda06,platform,dd94a8e8,0bd32488,2,0.023821,Verified savings: 23.8 gCO₂e (confirmed),2026-04-09 22:20:47.280964
321689ff,eu-frontend,adeec877,806e7779,3,0.038431,Verified savings: 38.4 gCO₂e (confirmed),2026-04-09 22:20:47.281049
86ccf294,backend-api,b9c0cfc5,b5df6ad6,1,0.01068,Verified savings: 10.7 gCO₂e (confirmed),2026-04-09 22:20:47.281152
de97cda4,backend-api,1fb3a11a,0ecdde25,1,0.01776,Verified savings: 17.8 gCO₂e (confirmed),2026-04-09 22:20:47.281188
92f18bb7,frontend,861a17d6,7d435cf5,1,0.011408,Verified savings: 11.4 gCO₂e (confirmed),2026-04-09 22:20:47.281268
4596133b,mobile,e5de55b7,d64a3d79,2,0.022845,Verified savings: 22.8 gCO₂e (confirmed),2026-04-09 22:20:47.281282
809db304,ml-team,a425be58,86e3e6e6,2,0.025924,Verified savings: 25.9 gCO₂e (confirmed),2026-04-09 22:20:47.281348
97c28c14,devops,2c468fd9,7859e8a7,26,0.267802,Verified savings: 267.8 gCO₂e (confirmed),2026-04-09 22:20:47.281366
fcbe28a9,eu-backend,bf8726e1,f78f25cd,2,0.02488,Verified savings: 24.9 gCO₂e (confirmed),2026-04-09 22:20:47.281386
f25ef64c,eu-frontend,6afe5a77,1b36954d,1,0.018299,Verified savings: 18.3 gCO₂e (confirmed),2026-04-09 22:20:47.281411
53cd6478,eu-frontend,8aad9a71,581db1b0,3,0.032505,Verified savings: 32.5 gCO₂e (confirmed),2026-04-09 22:20:47.281419
e06fba7f,devops,00d96c33,643c17b9,2,0.024076,Verified savings: 24.1 gCO₂e (confirmed),2026-04-09 22:20:47.281495
86625462,frontend,fdd52d7e,6fb71a1b,1,0.018757,Verified savings: 18.8 gCO₂e (confirmed),2026-04-09 22:20:47.281504
5d5db7ed,eu-frontend,58a33bb9,e92ab534,1,0.023603,Partial savings: 23.6 gCO₂e (50% credit),2026-04-09 22:20:47.281514
1d8a1926,eu-frontend,6641efc2,6642d738,1,0.010839,Verified savings: 10.8 gCO₂e (confirmed),2026-04-09 22:20:47.281524
6ce0590a,eu-frontend,61766485,652efe0a,1,0.017636,Verified savings: 17.6 gCO₂e (confirmed),2026-04-09 22:20:47.281534
071ccafb,mobile,aa9ce4e3,7e963c3f,48,0.486562,Verified savings: 486.6 gCO₂e (confirmed),2026-04-09 22:20:47.281541
1b9813c3,backend-api,13b8bd66,daa3e063,34,0.349242,Verified savings: 349.2 gCO₂e (confirmed),2026-04-09 22:20:47.281549
1c0d1444,eu-backend,4928795d,b097f8e2,106,1.062193,Verified savings: 1062.2 gCO₂e (confirmed),2026-04-09 22:20:47.281558
f0b2fd99,platform,737827d8,6f45b6ff,1,0.012103,Verified savings: 12.1 gCO₂e (confirmed),2026-04-09 22:20:47.281568
09e2f2c9,backend-api,f0f8d93a,d98fe486,1,0.014978,Verified savings: 15.0 gCO₂e (confirmed),2026-04-09 22:20:47.281576
c0c753b1,frontend,0bf0ccef,ca7a1cf5,1,0.016763,Verified savings: 16.8 gCO₂e (confirmed),2026-04-09 22:20:47.281584
c9e71717,backend-api,5851802d,46a59a3e,1,0.015787,Verified savings: 15.8 gCO₂e (confirmed),2026-04-09 22:20:47.281592
53ff7833,frontend,6ad056c1,13c7129f,1,0.015747,Verified savings: 15.7 gCO₂e (confirmed),2026-04-09 22:20:47.281599
1b50843e,backend-api,39027d37,03d9c4ec,2,0.020019,Verified savings: 20.0 gCO₂e (confirmed),2026-04-09 22:20:47.281608
ef65b403,backend-api,03b21b20,3d15ea1d,2,0.021594,Verified savings: 21.6 gCO₂e (confirmed),2026-04-09 22:20:47.281615
65af6bf0,frontend,de350b0e,adc81b34,1,0.012844,Verified savings: 12.8 gCO₂e (confirmed),2026-04-09 22:20:47.281622
1b79449c,backend-api,1393d596,f6f43830,1,0.017271,Verified savings: 17.3 gCO₂e (confirmed),2026-04-09 22:20:47.281629
46da75f3,backend-api,5633f4f7,2bc5cc81,1,0.012777,Verified savings: 12.8 gCO₂e (confirmed),2026-04-09 22:20:47.281638
30b424b9,mobile,6b905fc8,46fb2e57,1,0.014658,Verified savings: 14.7 gCO₂e (confirmed),2026-04-09 22:20:47.281649
1cfed640,eu-backend,2aa69950,549ac240,2,0.022579,Verified savings: 22.6 gCO₂e (confirmed),2026-04-09 22:20:47.281657
1ea8c5f3,backend-api,21a4b347,3c230f7d,1,0.012248,Verified savings: 12.2 gCO₂e (confirmed),2026-04-09 22:20:47.281668
257c1400,frontend,ab24c584,f4951216,1,0.019611,Verified savings: 19.6 gCO₂e (confirmed),2026-04-09 22:20:47.281676
71c21a5b,eu-frontend,bb14bb66,cb19a11f,1,0.01454,Verified savings: 14.5 gCO₂e (confirmed),2026-04-09 22:20:47.281683
6f873662,mobile,97788b0e,7888a964,2,0.020589,Verified savings: 20.6 gCO₂e (confirmed),2026-04-09 22:20:47.281691
ff7ed67e,backend-api,98bdec35,b236fa1e,1,0.015747,Verified savings: 15.7 gCO₂e (confirmed),2026-04-09 22:20:47.281700
7398b52e,frontend,1a18bc0c,4676b4b0,1,0.017623,Verified savings: 17.6 gCO₂e (confirmed),2026-04-09 22:20:47.281709
e69bb747,eu-backend,d8d809e7,a8713f76,4,0.042878,Verified savings: 42.9 gCO₂e (confirmed),2026-04-09 22:20:47.281717
656d1fb0,eu-frontend,9e38dd94,c523af7f,1,0.018876,Verified savings: 18.9 gCO₂e (confirmed),2026-04-09 22:20:47.281725
ac69de34,eu-backend,5dd6abc8,64b2363b,3,0.033796,Verified savings: 33.8 gCO₂e (confirmed),2026-04-09 22:20:47.281737
5f55853c,eu-frontend,e4f67676,b90a521b,4,0.041767,Verified savings: 41.8 gCO₂e (confirmed),2026-04-09 22:20:47.281744
647c130b,frontend,4f4ca02e,8347f569,2,0.027852,Verified savings: 27.9 gCO₂e (confirmed),2026-04-09 22:20:47.281751
59ecdc8f,eu-backend,e35ce904,8a7ad70b,2,0.027035,Verified savings: 27.0 gCO₂e (confirmed),2026-04-09 22:20:47.281759
79d030f2,backend-api,df72dd2a,d0a6152c,2,0.021103,Verified savings: 21.1 gCO₂e (confirmed),2026-04-09 22:20:47.281768
ae6cebfb,frontend,4431afd8,74d8872c,2,0.026124,Verified savings: 26.1 gCO₂e (confirmed),2026-04-09 22:20:47.281778
1376c28e,eu-backend,9d93a6ca,c6f475b7,1,0.011962,Verified savings: 12.0 gCO₂e (confirmed),2026-04-09 22:20:47.281868
5c509246,eu-frontend,06c4435d,6910ac06,1,0.016155,Verified savings: 16.2 gCO₂e (confirmed),2026-04-09 22:20:47.281878
9bc8d8e2,ml-team,29a8aabc,d00ca939,7,0.076371,Verified savings: 76.4 gCO₂e (confirmed),2026-04-09 22:20:47.281886
867d7f6c,eu-frontend,07dd21a5,48b5275d,186,1.863976,Verified savings: 1864.0 gCO₂e (confirmed),2026-04-09 22:20:47.281893
ab3af3a9,eu-frontend,3dbb560d,f3a11bae,4,0.048808,Verified savings: 48.8 gCO₂e (confirmed),2026-04-09 22:20:47.281904
cb4f1861,frontend,0fb753d9,bf6d1afc,1,0.010974,Verified savings: 11.0 gCO₂e (confirmed),2026-04-09 22:20:47.281913
2f345152,devops,b946cdd4,e2b17ec0,3,0.036831,Verified savings: 36.8 gCO₂e (confirmed),2026-04-09 22:20:47.281922
82c36e62,eu-backend,82234e8d,04b75481,1,0.016174,Verified savings: 16.2 gCO₂e (confirmed),2026-04-09 22:20:47.281932
14084e3a,eu-backend,99685b13,364b63e4,7,0.077814,Verified savings: 77.8 gCO₂e (confirmed),2026-04-09 22:20:47.281939
aac43a57,eu-frontend,956447c8,c5be0d75,1,0.018283,Verified savings: 18.3 gCO₂e (confirmed),2026-04-09 22:20:47.281948
5744b6d6,frontend,0cf52cf0,24e3a88d,2,0.021435,Verified savings: 21.4 gCO₂e (confirmed),2026-04-09 22:20:47.281956
7e2558c9,eu-backend,2783a4e9,6b252bfd,2,0.025172,Verified savings: 25.2 gCO₂e (confirmed),2026-04-09 22:20:47.281963
909c799c,eu-frontend,90f10096,e6570d73,1,0.01694,Verified savings: 16.9 gCO₂e (confirmed),2026-04-09 22:20:47.281975
045745dc,backend-api,17e752fc,bac411a0,4,0.049807,Verified savings: 49.8 gCO₂e (confirmed),2026-04-09 22:20:47.281986
ad8f0691,eu-backend,2adfac6c,a9a1fefe,2,0.02875,Verified savings: 28.8 gCO₂e (confirmed),2026-04-09 22:20:47.282094
3e9086d9,eu-frontend,4c0ac376,1d93892c,8,0.082341,Verified savings: 82.3 gCO₂e (confirmed),2026-04-09 22:20:47.282107
5ff550ad,ml-team,2c2ae6a3,1d055a9d,7,0.072436,Verified savings: 72.4 gCO₂e (confirmed),2026-04-09 22:20:47.282114
5f78129f,platform,0620defc,1b639aa1,44,0.446801,Verified savings: 446.8 gCO₂e (confirmed),2026-04-09 22:20:47.282121
10bde2ca,mobile,09391aba,7671b1be,120,1.201087,Verified savings: 1201.1 gCO₂e (confirmed),2026-04-09 22:20:47.282129
7cc157cb,ml-team,aa871f1c,b204533e,1,0.015858,Verified savings: 15.9 gCO₂e (confirmed),2026-04-09 22:20:47.282137
5a393434,devops,1c8e4b2a,baa1478c,101,1.01335,Verified savings: 1013.4 gCO₂e (confirmed),2026-04-09 22:20:47.282145
2ed1a14f,devops,9676bf75,fd66ed2d,4,0.04179,Verified savings: 41.8 gCO₂e (confirmed),2026-04-09 22:20:47.282173
580cae6f,eu-backend,2e3cbf8e,55feb463,3,0.033477,Verified savings: 33.5 gCO₂e (confirmed),2026-04-09 22:20:47.282182
cae2ba8c,eu-backend,b9a357ad,1f8526f7,2,0.023657,Verified savings: 23.7 gCO₂e (confirmed),2026-04-09 22:20:47.282191
44d8f0c4,frontend,52c52758,7aa0e59a,1,0.01328,Verified savings: 13.3 gCO₂e (confirmed),2026-04-09 22:20:47.282199
9d87973c,mobile,a0562040,451bc56e,1,0.016474,Verified savings: 16.5 gCO₂e (confirmed),2026-04-09 22:20:47.282206
ab9b64e5,mobile,02036385,cb70d647,5,0.054814,Verified savings: 54.8 gCO₂e (confirmed),2026-04-09 22:20:47.282228
507ee8fb,eu-backend,5416f59f,bd862d29,4,0.044382,Verified savings: 44.4 gCO₂e (confirmed),2026-04-09 22:20:47.282236
dd9089a4,eu-frontend,6505fab8,fe650095,1,0.015312,Verified savings: 15.3 gCO₂e (confirmed),2026-04-09 22:20:47.282246
68ae5075,backend-api,b61be457,3b0b7436,3,0.034014,Verified savings: 34.0 gCO₂e (confirmed),2026-04-09 22:20:47.282255
12158c29,backend-api,655818f0,d91dfb71,2,0.029249,Verified savings: 29.2 gCO₂e (confirmed),2026-04-09 22:20:47.282460
53346ad1,devops,e921cc0d,0f3139cb,1,0.013994,Verified savings: 14.0 gCO₂e (confirmed),2026-04-09 22:20:47.282471
9d7c178c,mobile,3834dfff,14367df9,1,0.015315,Verified savings: 15.3 gCO₂e (confirmed),2026-04-09 22:20:47.282479
3d803832,platform,1ce8aa0a,b120dffb,4,0.042256,Verified savings: 42.3 gCO₂e (confirmed),2026-04-09 22:20:47.282486
abffd8f4,devops,3338bed4,0480b475,2,0.023965,Verified savings: 24.0 gCO₂e (confirmed),2026-04-09 22:20:47.282494
f4e29430,eu-frontend,8547937d,9ac1b1ef,4,0.045398,Verified savings: 45.4 gCO₂e (confirmed),2026-04-09 22:20:47.282501
a15462c6,backend-api,211e7c1f,6dd9be64,1,0.011812,Verified savings: 11.8 gCO₂e (confirmed),2026-04-09 22:20:47.282508
6a26fbfd,devops,3a3e4311,ed60a730,5,0.051359,Verified savings: 51.4 gCO₂e (confirmed),2026-04-09 22:20:47.282518
caad023a,eu-frontend,408e6bc5,2979de0d,1,0.01559,Verified savings: 15.6 gCO₂e (confirmed),2026-04-09 22:20:47.282527
1dac6e14,frontend,c1196923,20d2bf61,1,0.01307,Verified savings: 13.1 gCO₂e (confirmed),2026-04-09 22:20:47.282534
46930467,frontend,5348069d,85bf282b,5,0.058796,Verified savings: 58.8 gCO₂e (confirmed),2026-04-09 22:20:47.282541
fe0a8433,platform,e59febb1,ed8d41cd,1,0.018953,Verified savings: 19.0 gCO₂e (confirmed),2026-04-09 22:20:47.282552
5042d381,platform,930b58c7,d24b929a,2,0.026827,Verified savings: 26.8 gCO₂e (confirmed),2026-04-09 22:20:47.282559
0d31e7b4,eu-backend,1fc2edd8,2b2adc32,2,0.029064,Verified savings: 29.1 gCO₂e (confirmed),2026-04-09 22:20:47.282567
7a9a73a5,frontend,a4bdf11a,d264bdcc,3,0.039546,Verified savings: 39.5 gCO₂e (confirmed),2026-04-09 22:20:47.282578
cf2c3b17,backend-api,04a9349a,a58ea229,3,0.036904,Verified savings: 36.9 gCO₂e (confirmed),2026-04-09 22:20:47.282585
8d5f0928,eu-backend,2660f25c,75fd09d1,2,0.021943,Verified savings: 21.9 gCO₂e (confirmed),2026-04-09 22:20:47.282597
8fe08c2b,analytics,16226c2d,c9166532,1,0.015803,Verified savings: 15.8 gCO₂e (confirmed),2026-04-09 22:20:47.282667
cc0ced13,eu-frontend,945174cf,8b0f7f61,1,0.014447,Verified savings: 14.4 gCO₂e (confirmed),2026-04-09 22:20:47.282677
b550f733,eu-frontend,ab127b3c,20529c22,70,0.706309,Verified savings: 706.3 gCO₂e (confirmed),2026-04-09 22:20:47.282685
b7cb5c75,ml-team,721eb531,48b34753,4,0.049126,Verified savings: 49.1 gCO₂e (confirmed),2026-04-09 22:20:47.282692
1154b1e8,eu-backend,7162efbc,6ca1ce4c,51,0.516664,Verified savings: 516.7 gCO₂e (confirmed),2026-04-09 22:20:47.282699
245b9df9,ml-team,b4690f4e,f6db9243,49,0.498578,Verified savings: 498.6 gCO₂e (confirmed),2026-04-09 22:20:47.282706
a16dc144,eu-backend,416686af,28e13c43,2,0.022036,Verified savings: 22.0 gCO₂e (confirmed),2026-04-09 22:20:47.282713
ea4b5105,eu-frontend,30ee9c38,4ebc2f76,2,0.026733,Verified savings: 26.7 gCO₂e (confirmed),2026-04-09 22:20:47.282722
aede5ffb,eu-backend,689ce0e4,7874f6be,3,0.036581,Verified savings: 36.6 gCO₂e (confirmed),2026-04-09 22:20:47.282737
4d6072bf,eu-frontend,ca25a94e,e7c549d2,3,0.032838,Verified savings: 32.8 gCO₂e (confirmed),2026-04-09 22:20:47.282746
bc2b92d0,eu-frontend,787459ff,d342d569,1,0.012406,Verified savings: 12.4 gCO₂e (confirmed),2026-04-09 22:20:47.282753
1366b8a3,eu-frontend,e5a059fd,f191d2e7,4,0.049869,Verified savings: 49.9 gCO₂e (confirmed),2026-04-09 22:20:47.282762
b9864472,eu-backend,a37f9065,1261c835,1,0.017502,Verified savings: 17.5 gCO₂e (confirmed),2026-04-09 22:20:47.282769
bfddbe9c,eu-frontend,3169e52e,ecbc986b,4,0.041517,Verified savings: 41.5 gCO₂e (confirmed),2026-04-09 22:20:47.282781
